Product Id,Sector,Cog,Distance,Export,Pci
1225,Vegetables_foodstuff_and_wood,0.1928,0.832,10419333081,0.6268
1224,Vegetables_foodstuff_and_wood,0.2189,0.8626,474566806,0.357
1223,Vegetables_foodstuff_and_wood,0.3228,0.9037,1288006075,1.5728
1222,Vegetables_foodstuff_and_wood,0.3413,0.877,1099658301,0.5308
1221,Vegetables_foodstuff_and_wood,-0.0255,0.833,1738375402,-0.7366
1220,Vegetables_foodstuff_and_wood,0.2233,0.8502,98046390,0.6292
1219,Vegetables_foodstuff_and_wood,0.1631,0.859,236939158,0.1249
1218,Vegetables_foodstuff_and_wood,0.4269,0.8905,100946359,1.6018
1217,Vegetables_foodstuff_and_wood,0.06,0.8739,1132362856,-0.4076
1216,Vegetables_foodstuff_and_wood,0.2593,0.849,3522161322,0.8166
1215,Vegetables_foodstuff_and_wood,0.1429,0.8405,14660352626,0.2594
1214,Vegetables_foodstuff_and_wood,0.1374,0.8486,11810096477,0.2704
1213,Vegetables_foodstuff_and_wood,0.1098,0.847,371632578,0.2709
1209,Vegetables_foodstuff_and_wood,0.0424,0.8258,25208368119,0.0857
1208,Vegetables_foodstuff_and_wood,0.0586,0.8312,939156302,0.1605
1206,Vegetables_foodstuff_and_wood,0.1078,0.9042,617,2.0393
1205,Vegetables_foodstuff_and_wood,0.2638,0.8616,1492670947,0.5147
1204,Vegetables_foodstuff_and_wood,0.1291,0.8581,1975130809,0.2143
1203,Vegetables_foodstuff_and_wood,0.2671,0.8727,157850142,0.379
1202,Vegetables_foodstuff_and_wood,0.243,0.8554,13659614082,0.4637
1201,Vegetables_foodstuff_and_wood,0.2562,0.8841,26629129677,0.6059
1199,Vegetables_foodstuff_and_wood,0.1725,0.8437,1721107556,0.2732
1198,Vegetables_foodstuff_and_wood,0.172,0.8634,750113790,0.2834
1197,Vegetables_foodstuff_and_wood,0.2604,0.8979,1746109368,1.1851
1196,Vegetables_foodstuff_and_wood,0.1402,0.8434,10554490596,0.3143
1195,Vegetables_foodstuff_and_wood,0.0704,0.8374,11849890576,0.0867
1194,Vegetables_foodstuff_and_wood,-0.138,0.8249,3490595457,-0.495
1193,Vegetables_foodstuff_and_wood,0.2218,0.8785,18984346311,0.8187
1192,Vegetables_foodstuff_and_wood,0.2258,0.876,5268625619,0.7582
1191,Vegetables_foodstuff_and_wood,-0.0093,0.806,9204273408,-0.3309
1190,Vegetables_foodstuff_and_wood,0.1642,0.8686,773428639,0.1748
1189,Vegetables_foodstuff_and_wood,-0.0103,0.8619,1514379898,0.0458
1188,Vegetables_foodstuff_and_wood,0.225,0.8683,516931448,0.5947
1187,Vegetables_foodstuff_and_wood,0.0788,0.865,28937678025,0.1349
1186,Vegetables_foodstuff_and_wood,0.1756,0.8785,4189037874,0.6861
1185,Vegetables_foodstuff_and_wood,0.1738,0.8757,249686014,0.7569
1184,Vegetables_foodstuff_and_wood,-0.2076,0.843,1544641965,-1.4762
1183,Vegetables_foodstuff_and_wood,-0.2321,0.8381,453640858,-1.8811
1182,Vegetables_foodstuff_and_wood,0.0015,0.8701,732459606,-0.5679
1181,Vegetables_foodstuff_and_wood,-0.0048,0.8638,675799370,-0.9105
1180,Vegetables_foodstuff_and_wood,0.0056,0.8731,56717918,-0.5179
1179,Vegetables_foodstuff_and_wood,-0.0012,0.8834,156447528,-0.7758
1178,Vegetables_foodstuff_and_wood,-0.146,0.8278,5997691276,-0.7337
1177,Vegetables_foodstuff_and_wood,-0.1909,0.8254,1863688724,-1.0959
1176,Vegetables_foodstuff_and_wood,-0.0725,0.8609,1241709672,-0.5448
1175,Vegetables_foodstuff_and_wood,-0.0028,0.8204,15189548999,0.0746
1174,Vegetables_foodstuff_and_wood,-0.0678,0.8224,362501286,-0.3655
1173,Vegetables_foodstuff_and_wood,0.2041,0.869,801807030,0.4076
1172,Vegetables_foodstuff_and_wood,0.0794,0.823,3013354302,0.319
1171,Vegetables_foodstuff_and_wood,0.048,0.8791,860374935,-0.023
1166,Vegetables_foodstuff_and_wood,-0.1526,0.797,4450621034,-1.2534
1165,Vegetables_foodstuff_and_wood,-0.0435,0.816,3025432763,-0.798
1164,Vegetables_foodstuff_and_wood,-0.0987,0.7911,35156725926,-1.1637
1163,Vegetables_foodstuff_and_wood,0.0252,0.8327,318703162,-0.6112
1162,Vegetables_foodstuff_and_wood,0.2358,0.8774,75646759,0.265
1159,Vegetables_foodstuff_and_wood,-0.2308,0.7931,1088846984,-1.3315
1158,Vegetables_foodstuff_and_wood,-0.096,0.8163,8025880848,-0.3675
1157,Vegetables_foodstuff_and_wood,0.0574,0.8743,84040210,-0.4558
1156,Vegetables_foodstuff_and_wood,-0.0296,0.8807,3175180358,-0.9704
1155,Vegetables_foodstuff_and_wood,-0.1427,0.8203,1128099488,-0.6406
1154,Vegetables_foodstuff_and_wood,0.1369,0.8512,2489937155,0.3492
1153,Vegetables_foodstuff_and_wood,-0.127,0.8426,47921255,-1.2315
1152,Vegetables_foodstuff_and_wood,-0.0129,0.8448,3159258332,-0.1119
1151,Vegetables_foodstuff_and_wood,0.2112,0.9041,38067,2.0077
1150,Vegetables_foodstuff_and_wood,-0.2297,0.8428,7296318241,-1.0806
1149,Vegetables_foodstuff_and_wood,-0.0445,0.8848,60093218733,-0.8708
1148,Vegetables_foodstuff_and_wood,0.0714,0.859,1517858168,-0.3834
1147,Vegetables_foodstuff_and_wood,0.0784,0.8652,236419913,-0.3884
1146,Vegetables_foodstuff_and_wood,0.0668,0.8514,65056073,-0.1019
1145,Vegetables_foodstuff_and_wood,-0.0366,0.8557,557742455,-0.9111
1144,Vegetables_foodstuff_and_wood,-0.0876,0.8372,238581699,-0.7704
1139,Vegetables_foodstuff_and_wood,-0.2023,0.7775,643925468,-2.0117
1138,Vegetables_foodstuff_and_wood,-0.1633,0.8046,639030748,-1.1537
1137,Vegetables_foodstuff_and_wood,-0.0548,0.8014,4567017084,-0.7868
849,Vegetables_foodstuff_and_wood,-0.1222,0.7911,24215499309,-0.8525
847,Vegetables_foodstuff_and_wood,0.0319,0.8159,25197260936,-0.123
846,Vegetables_foodstuff_and_wood,-0.1037,0.8218,894417664,-0.539
845,Vegetables_foodstuff_and_wood,0.0085,0.8468,8824139,-0.2497
843,Vegetables_foodstuff_and_wood,-0.0324,0.8445,38048063,-1.1268
841,Vegetables_foodstuff_and_wood,0.0916,0.8443,4816638656,0.173
839,Vegetables_foodstuff_and_wood,-0.1186,0.7935,5916207056,-1.1336
835,Vegetables_foodstuff_and_wood,0.1036,0.8326,1386853587,0.0612
834,Vegetables_foodstuff_and_wood,0.0303,0.861,455545015,-0.3253
833,Vegetables_foodstuff_and_wood,-0.1085,0.8307,31939015402,-0.9113
829,Vegetables_foodstuff_and_wood,0.0597,0.818,35344296352,0.1676
828,Vegetables_foodstuff_and_wood,-0.005,0.8093,3353776222,-0.231
824,Vegetables_foodstuff_and_wood,-0.1173,0.803,8119932904,-0.8028
822,Vegetables_foodstuff_and_wood,-0.2429,0.794,14160434114,-1.1586
821,Vegetables_foodstuff_and_wood,-0.1153,0.7986,2908190008,-0.5437
819,Vegetables_foodstuff_and_wood,-0.1725,0.7981,9741954381,-0.8576
818,Vegetables_foodstuff_and_wood,0.1292,0.8601,7497645399,-0.1308
817,Vegetables_foodstuff_and_wood,0.203,0.8851,1018512364,0.5162
815,Vegetables_foodstuff_and_wood,-0.1884,0.7985,1868724239,-0.8137
813,Vegetables_foodstuff_and_wood,-0.0492,0.8058,5938274063,-0.2967
812,Vegetables_foodstuff_and_wood,-0.2069,0.8109,87902259,-1.6064
811,Vegetables_foodstuff_and_wood,-0.1821,0.7975,8334607390,-1.2974
810,Vegetables_foodstuff_and_wood,0.0245,0.8151,18891394632,-0.2364
809,Vegetables_foodstuff_and_wood,0.0583,0.8189,26070852551,-0.0622
808,Vegetables_foodstuff_and_wood,0.0548,0.8529,2527990149,-0.6433
807,Vegetables_foodstuff_and_wood,-0.0641,0.8302,5438067753,-1.4472
806,Vegetables_foodstuff_and_wood,0.111,0.8497,3689765869,-0.5259
805,Vegetables_foodstuff_and_wood,-0.1053,0.8108,46662674,-2.0557
803,Vegetables_foodstuff_and_wood,-0.1401,0.7927,10619339497,-0.6992
802,Vegetables_foodstuff_and_wood,-0.239,0.7696,945168152,-1.428
801,Vegetables_foodstuff_and_wood,0.0951,0.8485,5931152279,0.2226
799,Vegetables_foodstuff_and_wood,-0.2041,0.8224,9207673843,-1.2403
798,Vegetables_foodstuff_and_wood,-0.2241,0.7965,14123240974,-1.5018
797,Vegetables_foodstuff_and_wood,0.0706,0.8614,249536876,-0.2174
796,Vegetables_foodstuff_and_wood,0.0554,0.8189,14237294345,0.0239
795,Vegetables_foodstuff_and_wood,0.0874,0.8205,4312881026,0.2593
794,Vegetables_foodstuff_and_wood,-0.0865,0.8241,108370989,-0.6162
792,Vegetables_foodstuff_and_wood,0.0409,0.8475,1219548747,-0.0947
791,Vegetables_foodstuff_and_wood,-0.0112,0.8638,7810010938,-0.6549
790,Vegetables_foodstuff_and_wood,-0.0122,0.8303,2343614102,-0.2582
789,Vegetables_foodstuff_and_wood,-0.1743,0.7873,5047333182,-0.8727
787,Vegetables_foodstuff_and_wood,-0.1297,0.8086,3997029856,-0.7366
786,Vegetables_foodstuff_and_wood,0.1265,0.8404,6506875396,0.3013
785,Vegetables_foodstuff_and_wood,-0.1449,0.8203,6631189216,-1.8827
782,Vegetables_foodstuff_and_wood,-0.0842,0.8534,405963284,-0.935
781,Vegetables_foodstuff_and_wood,-0.113,0.8481,7248450697,-1.0827
778,Vegetables_foodstuff_and_wood,0.2956,0.8663,323386410,0.7042
777,Vegetables_foodstuff_and_wood,0.2115,0.8655,196886286,0.2719
776,Vegetables_foodstuff_and_wood,-0.1588,0.8106,1856129915,-1.5925
775,Vegetables_foodstuff_and_wood,0.2139,0.8692,50637466,0.1197
774,Vegetables_foodstuff_and_wood,0.0813,0.8433,1120140156,-0.4822
773,Vegetables_foodstuff_and_wood,0.3251,0.8623,432387400,0.7722
772,Vegetables_foodstuff_and_wood,-0.3149,0.7629,799190652,-1.8887
770,Vegetables_foodstuff_and_wood,-0.0066,0.9314,258368,-0.2087
769,Vegetables_foodstuff_and_wood,-0.1855,0.8378,210248208,-1.3033
767,Vegetables_foodstuff_and_wood,-0.2772,0.7809,740352408,-2.0508
766,Vegetables_foodstuff_and_wood,0.0337,0.8703,2404220178,-0.4506
765,Vegetables_foodstuff_and_wood,-0.043,0.8352,254599546,-0.2988
764,Vegetables_foodstuff_and_wood,-0.2849,0.7803,1751708928,-1.69
761,Vegetables_foodstuff_and_wood,-0.1367,0.7845,7389219910,-1.3928
758,Vegetables_foodstuff_and_wood,-0.0179,0.8388,3482060180,-0.391
757,Vegetables_foodstuff_and_wood,0.0659,0.8417,9098705764,-0.0369
756,Vegetables_foodstuff_and_wood,-0.012,0.8507,908431250,-0.3711
755,Vegetables_foodstuff_and_wood,-0.1927,0.8515,118862711,-2.0454
753,Vegetables_foodstuff_and_wood,-0.06,0.8244,51102828017,-1.3173
752,Vegetables_foodstuff_and_wood,0.2326,0.8634,1454867245,0.2108
751,Vegetables_foodstuff_and_wood,0.0171,0.8332,3550579859,-0.3718
750,Vegetables_foodstuff_and_wood,0.0848,0.842,3455171225,-0.1079
748,Vegetables_foodstuff_and_wood,0.2194,0.8582,614751675,0.0357
746,Vegetables_foodstuff_and_wood,-0.1441,0.7994,1112206328,-0.8317
738,Vegetables_foodstuff_and_wood,0.1005,0.8491,5928917356,0.2585
737,Vegetables_foodstuff_and_wood,0.2892,0.8624,184550459,0.8065
736,Vegetables_foodstuff_and_wood,-0.0068,0.8279,37584600556,-0.1634
734,Vegetables_foodstuff_and_wood,-0.2852,0.8115,818356704,-1.2426
733,Vegetables_foodstuff_and_wood,-0.2464,0.8145,604006045,-1.7109
732,Vegetables_foodstuff_and_wood,-0.1451,0.8408,489228076,-1.6714
728,Vegetables_foodstuff_and_wood,-0.1279,0.798,171096981,-1.8589
725,Vegetables_foodstuff_and_wood,-0.2436,0.7992,103998856,-1.6519
724,Vegetables_foodstuff_and_wood,-0.1247,0.8237,2300895759,-0.7649
723,Vegetables_foodstuff_and_wood,-0.1131,0.8464,206902357,-1.0784
722,Vegetables_foodstuff_and_wood,-0.1269,0.8039,4329815430,-0.5226
721,Vegetables_foodstuff_and_wood,-0.2565,0.7824,13781639139,-1.7208
719,Vegetables_foodstuff_and_wood,-0.0615,0.8282,9753021234,-0.8024
718,Vegetables_foodstuff_and_wood,-0.2322,0.7984,3533913971,-1.5077
717,Vegetables_foodstuff_and_wood,-0.203,0.8202,9513078074,-1.2139
716,Vegetables_foodstuff_and_wood,-0.2477,0.8013,13612709537,-1.2587
713,Vegetables_foodstuff_and_wood,-0.2901,0.7962,16365624658,-1.7482
712,Vegetables_foodstuff_and_wood,-0.3263,0.7766,8385361087,-2.4819
709,Vegetables_foodstuff_and_wood,-0.2529,0.8167,3976406073,-1.4241
708,Vegetables_foodstuff_and_wood,-0.2882,0.8074,636295723,-1.2109
704,Vegetables_foodstuff_and_wood,-0.136,0.8311,2418813454,-0.9036
703,Vegetables_foodstuff_and_wood,-0.0953,0.8073,1788004384,-0.6944
702,Vegetables_foodstuff_and_wood,0.0278,0.8421,2482626823,-0.6415
701,Vegetables_foodstuff_and_wood,-0.1249,0.8181,2888604304,-1.3258
700,Vegetables_foodstuff_and_wood,-0.2622,0.7913,6858280404,-1.7557
697,Vegetables_foodstuff_and_wood,-0.1177,0.8076,1171671460,-0.7501
694,Vegetables_foodstuff_and_wood,0.0293,0.8513,1644400268,-0.4577
691,Vegetables_foodstuff_and_wood,-0.0066,0.9314,301801,-0.2087
690,Vegetables_foodstuff_and_wood,-0.1773,0.8122,166486851,-1.3144
687,Vegetables_foodstuff_and_wood,0.1791,0.8823,1195445111,0.4722
686,Vegetables_foodstuff_and_wood,-0.1209,0.8157,3791896667,-0.9246
685,Vegetables_foodstuff_and_wood,0.1124,0.9205,308373,2.7801
684,Vegetables_foodstuff_and_wood,0.1358,0.9053,163894627,0.0218
682,Vegetables_foodstuff_and_wood,-0.0829,0.8536,542642816,-0.7713
681,Vegetables_foodstuff_and_wood,-0.2213,0.7881,2004581294,-1.0203
678,Vegetables_foodstuff_and_wood,0.0415,0.8177,25735319369,-0.0893
676,Vegetables_foodstuff_and_wood,0.1664,0.8362,3719906504,0.3784
675,Vegetables_foodstuff_and_wood,0.0363,0.8161,3913114267,0.1779
672,Vegetables_foodstuff_and_wood,-0.2844,0.7886,12760960454,-1.6919
671,Vegetables_foodstuff_and_wood,-0.323,0.7716,25141881537,-1.9115
666,Vegetables_foodstuff_and_wood,-0.1175,0.8236,1840086482,-0.768
665,Vegetables_foodstuff_and_wood,0.2418,0.871,4384060978,0.5835
664,Vegetables_foodstuff_and_wood,0.1718,0.8501,595779380,0.2979
663,Vegetables_foodstuff_and_wood,0.0931,0.8439,819953568,0.0224
662,Vegetables_foodstuff_and_wood,0.0416,0.8385,23432087469,-0.0161
661,Vegetables_foodstuff_and_wood,0.0351,0.8367,7705838995,-0.5482
660,Vegetables_foodstuff_and_wood,-0.0174,0.8424,375397731,-0.4744
659,Vegetables_foodstuff_and_wood,-0.1313,0.8166,5468695603,-1.089
658,Vegetables_foodstuff_and_wood,0.2802,0.8689,26835285827,0.7539
657,Vegetables_foodstuff_and_wood,-0.0944,0.8226,19182165493,-1.0377
656,Vegetables_foodstuff_and_wood,0.0149,0.8194,20243098772,-0.2986
655,Vegetables_foodstuff_and_wood,-0.1858,0.778,1080625408,-1.2948
653,Vegetables_foodstuff_and_wood,-0.1947,0.8075,1293640396,-1.2829
652,Vegetables_foodstuff_and_wood,0.0808,0.8551,4097977276,0.3378
651,Vegetables_foodstuff_and_wood,-0.0236,0.8138,7651125488,-0.2524
650,Vegetables_foodstuff_and_wood,0.152,0.8503,2463875171,-0.1171
1789,Transport_vehicles,-0.0031,0.8343,1455479259,-0.7496
1788,Transport_vehicles,0.1236,0.8616,1570934444,0.2407
1787,Transport_vehicles,0.0273,0.8448,4910421155,-0.1956
1786,Transport_vehicles,0.045,0.8674,27585821420,-0.2566
1785,Transport_vehicles,-0.0121,0.8567,5133266779,-0.112
1784,Transport_vehicles,0.2508,0.8623,14457844683,0.5863
1783,Transport_vehicles,-0.0732,0.8481,1524626644,-0.4385
1782,Transport_vehicles,0.2048,0.8868,75432555904,-0.0012
1781,Transport_vehicles,0.2475,0.8821,1743253008,0.5257
1780,Transport_vehicles,0.2626,0.8765,302583640,0.6893
1778,Transport_vehicles,0.2783,0.887,1.83585E+11,0.9257
1777,Transport_vehicles,0.2427,0.8692,68199945,0.6492
1776,Transport_vehicles,0.2387,0.8514,23071585657,0.773
1775,Transport_vehicles,0.1908,0.8778,2146104151,0.5084
1774,Transport_vehicles,0.1486,0.8834,18218386521,0.3051
1773,Transport_vehicles,0.3013,0.8946,1341770649,0.9732
1772,Transport_vehicles,0.0909,0.8695,8609619702,-0.0417
1771,Transport_vehicles,0.1905,0.8924,21373496890,0.2388
1770,Transport_vehicles,0.1586,0.8699,3574928850,0.5603
1769,Transport_vehicles,0.3125,0.8605,1359119623,0.6145
1768,Transport_vehicles,0.3511,0.8723,3.57003E+11,1.0428
1767,Transport_vehicles,0.3151,0.8752,8295970414,0.9866
1766,Transport_vehicles,0.2665,0.8843,3617797298,0.899
1764,Transport_vehicles,0.2073,0.8575,1.18761E+11,0.2607
1763,Transport_vehicles,0.3111,0.8767,6.89207E+11,0.8065
1762,Transport_vehicles,0.1563,0.854,15936284692,0.352
1761,Transport_vehicles,0.2396,0.8648,44460145204,0.6735
1759,Transport_vehicles,0.2312,0.8491,856434033,0.655
1758,Transport_vehicles,0.4281,0.8734,10779687532,1.2161
1757,Transport_vehicles,0.1116,0.8695,4742709920,0.397
1756,Transport_vehicles,0.2006,0.8784,1725423311,0.4328
1755,Transport_vehicles,0.4261,0.8982,860949507,1.4481
1754,Transport_vehicles,0.5248,0.8996,5115329559,1.5459
1753,Transport_vehicles,0.0126,0.8517,1280898446,-0.3811
1752,Transport_vehicles,0.3515,0.8934,1011628328,1.0761
1890,Textiles_and_furniture,0.0167,0.8328,2845024299,-1.2955
1889,Textiles_and_furniture,0.0464,0.8354,1423169966,-0.5978
1888,Textiles_and_furniture,0.2877,0.8669,165628710,-0.0134
1887,Textiles_and_furniture,0.2275,0.8905,3993703968,0.0348
1885,Textiles_and_furniture,0.2843,0.8895,16210683235,0.6659
1857,Textiles_and_furniture,0.2688,0.8865,48978233232,1.076
1855,Textiles_and_furniture,0.0149,0.8324,78856393004,0.101
1854,Textiles_and_furniture,0.2238,0.8647,3466729233,0.5221
1853,Textiles_and_furniture,0.0247,0.8556,73902138360,0.091
1394,Textiles_and_furniture,-0.2332,0.807,3267942932,-2.6364
1392,Textiles_and_furniture,0.0548,0.9021,2383754209,-0.0372
1391,Textiles_and_furniture,-0.0282,0.8777,103858197,-0.9842
1390,Textiles_and_furniture,0.0836,0.8757,309227989,0.0679
1389,Textiles_and_furniture,0.1618,0.8859,190781764,0.157
1388,Textiles_and_furniture,0.0449,0.8955,2923954137,-0.4541
1387,Textiles_and_furniture,0.0301,0.8776,297026812,-0.4002
1386,Textiles_and_furniture,0.2428,0.8833,3240939518,0.5855
1385,Textiles_and_furniture,-0.1514,0.8794,5157780498,-2.0676
1384,Textiles_and_furniture,-0.125,0.871,427991023,-1.3449
1383,Textiles_and_furniture,0.0301,0.9151,469675,-0.1832
1382,Textiles_and_furniture,-0.1586,0.8632,30269662,-1.5814
1381,Textiles_and_furniture,0.0407,0.8729,54528764,-0.5107
1380,Textiles_and_furniture,-0.1789,0.8321,7676792057,-0.7247
1379,Textiles_and_furniture,-0.1799,0.8296,3906371451,-0.841
1378,Textiles_and_furniture,-0.1069,0.8766,35433526868,-1.3401
1377,Textiles_and_furniture,-0.2347,0.8269,51619409670,-1.1232
1376,Textiles_and_furniture,-0.1573,0.8581,35490891347,-1.2198
1374,Textiles_and_furniture,-0.2236,0.8253,663970757,-1.0149
1372,Textiles_and_furniture,-0.0068,0.8468,92338011,-0.0783
1371,Textiles_and_furniture,-0.1909,0.8396,13496731909,-1.0843
1368,Textiles_and_furniture,-0.1599,0.8389,4029045008,-0.9429
1367,Textiles_and_furniture,-0.1129,0.8488,4500982113,-0.5985
1366,Textiles_and_furniture,-0.2563,0.8354,19365290319,-1.6334
1364,Textiles_and_furniture,-0.1388,0.8322,2489993539,-0.9595
1363,Textiles_and_furniture,-0.1571,0.8528,1034436170,-1.3966
1362,Textiles_and_furniture,0.1237,0.8868,789530653,-0.2602
1361,Textiles_and_furniture,0.02,0.8736,4545624797,-0.6542
1360,Textiles_and_furniture,-0.1247,0.8667,256253753,-1.3635
1359,Textiles_and_furniture,-0.2237,0.8168,11732092487,-1.1743
1358,Textiles_and_furniture,-0.31,0.8063,11418699519,-1.2905
1357,Textiles_and_furniture,-0.1621,0.8427,9919028155,-1.0145
1356,Textiles_and_furniture,-0.287,0.8266,2552742906,-1.2541
1355,Textiles_and_furniture,-0.3547,0.8162,2243621362,-1.6263
1354,Textiles_and_furniture,-0.3339,0.8133,1366363546,-1.4266
1353,Textiles_and_furniture,-0.2871,0.8213,14358321208,-1.1721
1352,Textiles_and_furniture,-0.3101,0.82,14839357672,-1.3448
1351,Textiles_and_furniture,-0.3089,0.8116,58675737435,-1.2876
1350,Textiles_and_furniture,-0.3063,0.8047,45667490797,-1.2947
1349,Textiles_and_furniture,-0.1918,0.8393,17766390764,-1.0022
1348,Textiles_and_furniture,-0.2537,0.8354,13750068156,-1.2474
1347,Textiles_and_furniture,-0.1732,0.8463,2983659238,-1.2134
1346,Textiles_and_furniture,-0.0766,0.8724,4230715603,-0.9485
1345,Textiles_and_furniture,-0.1938,0.8225,12253062513,-0.8482
1344,Textiles_and_furniture,-0.299,0.8079,6832875070,-1.3024
1343,Textiles_and_furniture,-0.1646,0.8332,1021713644,-0.9799
1342,Textiles_and_furniture,-0.2225,0.8332,4572431855,-0.9752
1341,Textiles_and_furniture,-0.3529,0.8199,7228941833,-1.7378
1340,Textiles_and_furniture,-0.3165,0.8104,50461322470,-1.3812
1339,Textiles_and_furniture,-0.3438,0.8025,40940573311,-1.5254
1338,Textiles_and_furniture,-0.299,0.8158,12090291781,-1.4035
1337,Textiles_and_furniture,-0.303,0.8096,6871587143,-1.3306
1336,Textiles_and_furniture,-0.3339,0.8026,4895676012,-1.4068
1335,Textiles_and_furniture,-0.3679,0.797,7946889985,-1.6959
1334,Textiles_and_furniture,-0.3613,0.8033,31807762400,-1.579
1333,Textiles_and_furniture,-0.3664,0.8033,11346819991,-1.6806
1332,Textiles_and_furniture,-0.3292,0.8024,3483603965,-1.5581
1331,Textiles_and_furniture,-0.3107,0.8059,2725316196,-1.3776
1330,Textiles_and_furniture,-0.1317,0.8475,26873801817,-1.023
1329,Textiles_and_furniture,-0.0136,0.864,3980251173,-0.6549
1328,Textiles_and_furniture,0.4139,0.8732,4814111551,1.2724
1327,Textiles_and_furniture,0.4442,0.892,516509171,1.3009
1326,Textiles_and_furniture,0.3696,0.8885,345676087,0.9263
1325,Textiles_and_furniture,0.0894,0.8586,42240784,-0.2327
1324,Textiles_and_furniture,0.3491,0.8901,737329590,0.8107
1323,Textiles_and_furniture,0.2957,0.8836,1401116156,0.7548
1322,Textiles_and_furniture,0.3478,0.8727,114740074,0.9791
1321,Textiles_and_furniture,0.3057,0.8806,319180304,0.4942
1320,Textiles_and_furniture,0.286,0.8881,11276164764,0.5811
1319,Textiles_and_furniture,0.063,0.8776,2559057012,0.1344
1318,Textiles_and_furniture,0.0399,0.8757,470507394,-0.6657
1317,Textiles_and_furniture,0.0042,0.8394,297413372,-0.0146
1316,Textiles_and_furniture,-0.1342,0.8539,1644996873,-0.7764
1314,Textiles_and_furniture,-0.1376,0.8508,489945329,-1.1065
1313,Textiles_and_furniture,-0.0851,0.8464,1238138173,-0.6286
1312,Textiles_and_furniture,-0.0514,0.8448,3761907735,-0.3299
1311,Textiles_and_furniture,-0.1778,0.8194,34399029,-1.2189
1310,Textiles_and_furniture,-0.1289,0.8544,1810369634,-1.0724
1309,Textiles_and_furniture,0.0764,0.8813,80855486,-0.2918
1308,Textiles_and_furniture,-0.1399,0.8295,165638776,-1.0275
1307,Textiles_and_furniture,0.1656,0.8864,2103520345,0.2796
1306,Textiles_and_furniture,-0.069,0.846,1353208658,-0.739
1305,Textiles_and_furniture,0.3072,0.8752,627901217,0.7485
1304,Textiles_and_furniture,0.1351,0.8563,6722340929,0.3484
1303,Textiles_and_furniture,-0.1358,0.8362,4400225722,-0.8145
1302,Textiles_and_furniture,-0.1397,0.8381,1135179383,-1.1194
1301,Textiles_and_furniture,-0.1386,0.8238,518846240,-0.5139
1300,Textiles_and_furniture,-0.1953,0.8196,1728381878,-0.6438
1298,Textiles_and_furniture,0.144,0.8661,480475876,0.3724
1297,Textiles_and_furniture,0.2586,0.8911,228429302,0.5004
1296,Textiles_and_furniture,0.2372,0.8865,510215529,0.5313
1295,Textiles_and_furniture,0.3375,0.8739,13510636500,0.9367
1294,Textiles_and_furniture,0.1862,0.8545,1119295907,0.3951
1293,Textiles_and_furniture,0.0487,0.8351,2156190496,-0.186
1292,Textiles_and_furniture,-0.0908,0.8671,3991630649,-0.7931
1291,Textiles_and_furniture,-0.0182,0.8668,4117506644,-0.5282
1289,Textiles_and_furniture,-0.1387,0.8469,2779831260,-1.362
1287,Textiles_and_furniture,-0.1577,0.8468,388075283,-0.9988
1286,Textiles_and_furniture,-0.0824,0.8579,1665059757,-0.4397
1285,Textiles_and_furniture,-0.1727,0.8358,5368403364,-0.7069
1283,Textiles_and_furniture,0.3267,0.9025,35734099,1.1279
1282,Textiles_and_furniture,0.2294,0.8711,301608906,0.161
1281,Textiles_and_furniture,-0.1012,0.8151,210837644,-0.7289
1280,Textiles_and_furniture,0.1038,0.8947,2691109636,0.0657
1279,Textiles_and_furniture,0.0908,0.8604,6466215495,0.1674
1278,Textiles_and_furniture,0.4617,0.9257,2025867186,2.0564
1277,Textiles_and_furniture,0.0984,0.8688,1097812431,-0.1755
1276,Textiles_and_furniture,0.2786,0.8876,1418174093,0.5981
1275,Textiles_and_furniture,0.0096,0.8661,22213300321,-0.6047
1274,Textiles_and_furniture,0.1272,0.8785,81466596,-0.6756
1273,Textiles_and_furniture,0.2435,0.8934,32435829,0.7693
1272,Textiles_and_furniture,0.1845,0.8655,1349967280,0.1593
1271,Textiles_and_furniture,0.2305,0.8802,1199090687,0.1028
1270,Textiles_and_furniture,0.1154,0.8613,15888530795,0.3591
1269,Textiles_and_furniture,0.0217,0.8377,1192605647,-0.3232
1268,Textiles_and_furniture,-0.1045,0.8825,240963908,-1.1546
1266,Textiles_and_furniture,0.1453,0.8847,1041948455,0.393
1265,Textiles_and_furniture,-0.216,0.827,98305559,-1.3655
1264,Textiles_and_furniture,-0.0397,0.8694,494478575,-2.1195
1263,Textiles_and_furniture,0.0945,0.8704,410766876,-0.0326
1262,Textiles_and_furniture,-0.2975,0.8266,555802231,-2.1309
1261,Textiles_and_furniture,-0.1329,0.7892,6504089,-2.4307
1260,Textiles_and_furniture,-0.2096,0.7616,246528216,-3.2189
1259,Textiles_and_furniture,-0.0016,0.841,14118921,-0.8984
1258,Textiles_and_furniture,0.0712,0.8678,696327707,0.2714
1257,Textiles_and_furniture,-0.0684,0.8568,755368452,-0.5314
1256,Textiles_and_furniture,-0.1683,0.8409,3441863545,-1.0042
1255,Textiles_and_furniture,-0.0136,0.8682,2313065674,-0.3185
1254,Textiles_and_furniture,-0.2451,0.8216,7017679098,-1.7312
1252,Textiles_and_furniture,-0.0601,0.8216,324205956,-0.4425
1251,Textiles_and_furniture,-0.1718,0.8539,1651240178,-1.2331
1250,Textiles_and_furniture,-0.2778,0.7919,11381816605,-1.9593
1247,Textiles_and_furniture,-0.3315,0.7851,460271863,-1.7725
1245,Textiles_and_furniture,0.133,0.8881,18681757,0.1162
1244,Textiles_and_furniture,0.2312,0.8839,2199149878,0.2475
1243,Textiles_and_furniture,0.1934,0.8654,1071494651,0.2001
1242,Textiles_and_furniture,0.1597,0.8789,8808450,0.396
1241,Textiles_and_furniture,0.0245,0.8552,337890993,-0.3269
1240,Textiles_and_furniture,0.0247,0.8821,511631639,-1.1412
1239,Textiles_and_furniture,0.2015,0.8798,1470118407,0.3525
1238,Textiles_and_furniture,0.1736,0.8681,666234723,0.4359
1237,Textiles_and_furniture,-0.0647,0.8506,1658678613,-0.9338
1236,Textiles_and_furniture,0.0431,0.8777,4164964,-0.3495
1235,Textiles_and_furniture,-0.077,0.837,120519905,-0.5688
1234,Textiles_and_furniture,-0.1636,0.8391,468926337,-2.112
1233,Textiles_and_furniture,-0.2485,0.7947,3787702701,-1.8167
1232,Textiles_and_furniture,0.1882,0.9024,1212015174,0.7122
1231,Textiles_and_furniture,0.1861,0.8771,13193890,0.2677
1230,Textiles_and_furniture,0.2108,0.9126,85310599,1.2697
1229,Textiles_and_furniture,-0.0617,0.8706,243726259,-0.9374
1228,Textiles_and_furniture,0.0123,0.8783,69753454,-0.8041
1227,Textiles_and_furniture,-0.0105,0.8897,404686485,-0.7295
1226,Textiles_and_furniture,0.0958,0.882,4322252,-0.3063
1461,Stone_and_glass,0.1603,0.8676,605048469,0.4631
1460,Stone_and_glass,0.0174,0.861,7925975345,-0.1679
1459,Stone_and_glass,0.0657,0.8885,2106489828,-0.2788
1458,Stone_and_glass,0.3035,0.8885,4365773280,0.6987
1457,Stone_and_glass,0.0409,0.8467,1228325788,-0.1707
1456,Stone_and_glass,0.0711,0.8606,81042513446,-0.0296
1455,Stone_and_glass,-0.0396,0.8152,19967346717,-0.5845
1454,Stone_and_glass,0.3101,0.915,329806020,1.8977
1453,Stone_and_glass,0.1714,0.891,21890311735,0.588
1450,Stone_and_glass,0.4967,0.9109,102713258,1.8012
1449,Stone_and_glass,0.0919,0.8441,18008730402,-0.6028
1448,Stone_and_glass,0.288,0.8958,499123178,0.9982
1447,Stone_and_glass,0.2924,0.8921,1430096985,0.7571
1446,Stone_and_glass,-0.1697,0.8011,11370206263,-1.6665
1445,Stone_and_glass,-0.0299,0.8416,1.20305E+11,-0.972
1444,Stone_and_glass,0.1032,0.8943,3177286128,-0.0825
1443,Stone_and_glass,0.1978,0.8754,3255699179,0.5101
1442,Stone_and_glass,0.1605,0.8548,11302200544,0.4
1441,Stone_and_glass,0.1355,0.8868,1404427047,0.428
1440,Stone_and_glass,0.4752,0.8837,974117114,1.2466
1439,Stone_and_glass,0.1339,0.8797,1079444092,0.0777
1438,Stone_and_glass,0.2816,0.8974,184225527,0.6495
1437,Stone_and_glass,0.51,0.9039,613797326,1.4862
1436,Stone_and_glass,0.1528,0.866,7877695953,0.404
1435,Stone_and_glass,0.0659,0.9219,990093,0.3041
1433,Stone_and_glass,-0.0828,0.8067,9438470058,-0.5571
1432,Stone_and_glass,0.3232,0.8909,6182770720,0.966
1431,Stone_and_glass,0.1755,0.8483,1550894818,0.5697
1430,Stone_and_glass,0.2409,0.8721,10080319063,0.6501
1429,Stone_and_glass,0.3926,0.9237,3094313586,1.4834
1428,Stone_and_glass,0.0649,0.8476,5090901740,-0.005
1427,Stone_and_glass,0.3474,0.8998,1325116360,0.6237
1426,Stone_and_glass,0.3793,0.9131,2845365582,1.0089
1425,Stone_and_glass,0.384,0.8882,1677219777,0.995
1422,Stone_and_glass,0.0135,0.8812,1910839950,-0.2515
1421,Stone_and_glass,0.1299,0.8788,2536686604,0.1919
1420,Stone_and_glass,-0.0125,0.8778,5582969959,-0.3574
1419,Stone_and_glass,-0.0479,0.8469,5991812552,-0.2687
1418,Stone_and_glass,0.4187,0.8997,5192608142,1.1361
1417,Stone_and_glass,-0.1527,0.8428,12638697699,-0.6873
1416,Stone_and_glass,0.0435,0.881,4682678321,0.053
1415,Stone_and_glass,0.2955,0.8829,144123833,0.8616
1414,Stone_and_glass,0.1027,0.8406,688749195,0.0209
1413,Stone_and_glass,0.0151,0.8315,1144421634,-0.2979
1412,Stone_and_glass,0.3841,0.8817,1812509721,0.8398
1411,Stone_and_glass,0.1867,0.8671,3252328909,0.3386
1409,Stone_and_glass,0.4739,0.8876,6502165816,1.1279
1407,Stone_and_glass,0.2126,0.8658,1431679509,0.0757
1406,Stone_and_glass,0.0024,0.8411,129426498,-0.2677
1405,Stone_and_glass,0.1282,0.8469,1173668659,0.3294
1404,Stone_and_glass,0.1857,0.8469,7737670860,0.6678
1403,Stone_and_glass,-0.0286,0.8192,1931645764,-0.1919
1402,Stone_and_glass,0.1578,0.8534,385587201,0.5037
1401,Stone_and_glass,0.1148,0.854,1936359849,0.2518
1400,Stone_and_glass,0.3295,0.8547,3995983893,0.9502
1399,Stone_and_glass,0.4825,0.88,4217202042,1.3894
1398,Stone_and_glass,0.3775,0.8825,4370660997,1.1469
1397,Stone_and_glass,-0.0924,0.8608,573378751,-0.814
1396,Stone_and_glass,-0.189,0.8375,12069494154,-1.044
1395,Stone_and_glass,-0.2061,0.8364,791709589,-1.2279
916,Minerals,-0.184,0.8235,1833280819,-1.0291
915,Minerals,-0.1553,0.8234,706015642,-0.9299
914,Minerals,-0.1008,0.8164,11532073695,-0.7906
912,Minerals,-0.1884,0.7911,2.20466E+11,-2.0894
911,Minerals,-0.0739,0.8052,5.02279E+11,-0.8387
910,Minerals,-0.185,0.7706,6.43442E+11,-2.284
909,Minerals,0.1257,0.8595,646250457,-0.2123
908,Minerals,0.0479,0.8422,18947548510,-0.2258
907,Minerals,0.2391,0.8681,354325959,0.7106
905,Minerals,-0.0433,0.8481,4660913912,-0.7555
904,Minerals,0.1382,0.8618,1790221712,0.0237
903,Minerals,-0.0749,0.859,2725074665,-0.9137
902,Minerals,-0.1716,0.8235,79178648386,-1.4625
901,Minerals,0.196,0.8593,330789119,0.4789
900,Minerals,-0.0471,0.8267,3512083729,-0.6442
899,Minerals,-0.1552,0.8313,349218606,-0.6666
898,Minerals,0.2204,0.8688,581248006,0.4827
896,Minerals,-0.2326,0.7963,6558645650,-1.7645
894,Minerals,-0.2032,0.8292,1678295650,-1.5992
893,Minerals,0.068,0.8803,2141637912,-0.7262
892,Minerals,-0.132,0.8401,580691750,-1.6954
890,Minerals,-0.2353,0.8352,2118082794,-2.0186
888,Minerals,-0.1845,0.8101,7553157142,-1.2539
887,Minerals,-0.1751,0.8174,5649386220,-1.2871
886,Minerals,-0.1562,0.823,3354480340,-1.8599
885,Minerals,0.1214,0.8573,221557113,-0.8398
884,Minerals,-0.1566,0.8418,2570318043,-1.5026
883,Minerals,-0.2882,0.8024,45141051493,-1.8799
882,Minerals,-0.1625,0.812,3270073750,-2.298
881,Minerals,-0.1404,0.8378,75137588280,-1.5295
879,Minerals,-0.1607,0.8353,1031749108,-0.8668
878,Minerals,-0.0281,0.8572,321608750,-1.3352
876,Minerals,0.099,0.8709,920756561,-0.0616
875,Minerals,0.1898,0.881,193041728,0.2675
874,Minerals,-0.0778,0.8465,344671081,-1.0956
872,Minerals,-0.102,0.8074,975246160,-0.4689
871,Minerals,-0.0961,0.826,763742055,-0.685
870,Minerals,-0.1801,0.8085,1153458126,-1.2601
869,Minerals,0.0875,0.846,1563050301,-0.0342
868,Minerals,-0.0837,0.8398,549671234,-0.4366
867,Minerals,-0.0637,0.8128,2932841853,-0.3852
866,Minerals,-0.2174,0.8161,1811664331,-1.4356
865,Minerals,-0.24,0.8156,2042472894,-1.3754
864,Minerals,-0.0086,0.8559,85760954,-0.2801
863,Minerals,-0.0733,0.8521,281772144,-1.5466
860,Minerals,-0.0984,0.8223,3013595026,-1.1866
859,Minerals,0.0843,0.8383,144019320,-0.0564
858,Minerals,-0.0744,0.829,1837342382,-0.708
857,Minerals,0.0776,0.8557,1777773936,-0.489
856,Minerals,-0.1671,0.8193,539124058,-1.378
855,Minerals,-0.1147,0.8218,1577454778,-0.6896
854,Minerals,0.0209,0.8752,409665245,-0.5622
853,Minerals,-0.0998,0.8373,2952469583,-1.1057
852,Minerals,0.039,0.8701,68438970,-0.4787
1617,Metals,0.173,0.8533,737358868,0.3499
1616,Metals,0.1227,0.8298,5999029216,0.2455
1615,Metals,0.2667,0.8776,3055812905,0.6993
1614,Metals,0.2412,0.881,3393445922,0.6354
1613,Metals,-0.013,0.867,2201667002,-0.6897
1612,Metals,0.2091,0.8706,925441009,0.4772
1611,Metals,0.2437,0.8815,249698444,0.854
1610,Metals,0.2259,0.8803,1151132186,0.6473
1609,Metals,0.1798,0.8694,30350692916,0.5056
1608,Metals,0.1901,0.8717,12504588494,0.5932
1607,Metals,-0.0984,0.8849,2390951943,-0.6773
1606,Metals,0.2781,0.9058,965664227,0.7802
1605,Metals,0.0921,0.8922,698711809,0.0845
1604,Metals,0.0815,0.8645,5084760210,-0.0873
1603,Metals,0.3159,0.8904,2559499916,0.825
1602,Metals,0.1604,0.8921,583776646,0.4892
1601,Metals,0.621,0.9105,5986479139,2.0984
1600,Metals,0.5194,0.8924,2876885367,1.4989
1599,Metals,0.5326,0.8918,20210581239,1.4624
1598,Metals,0.2625,0.8831,1060989958,0.3132
1597,Metals,0.3698,0.882,6782108047,0.9485
1596,Metals,0.2818,0.8918,2765377826,0.8024
1595,Metals,0.2329,0.8835,2160718413,0.5725
1594,Metals,0.446,0.8934,3969630821,1.2864
1592,Metals,0.5065,0.9162,838871180,2.3314
1591,Metals,0.1185,0.8761,1371053228,0.1435
1590,Metals,0.0865,0.8767,914907742,-0.4797
1589,Metals,-0.0225,0.8864,275319125,-0.858
1588,Metals,0.2517,0.8911,421722397,0.9922
1587,Metals,0.3554,0.886,5474681256,0.4759
1586,Metals,0.1536,0.8706,29517564,0.063
1585,Metals,0.1808,0.8959,141345696,-0.1757
1583,Metals,0.3005,0.89,1733322191,1.1137
1582,Metals,0.376,0.8891,804484060,0.6584
1581,Metals,0.5706,0.9105,574365489,1.4159
1580,Metals,0.4647,0.8955,874433670,1.0735
1579,Metals,0.1229,0.8592,401708018,0.0476
1578,Metals,0.3376,0.9127,43755,2.2504
1577,Metals,0.1006,0.9555,19838,2.5146
1576,Metals,0.2598,0.9228,3871399,0.8337
1575,Metals,0.2187,0.8836,443767084,0.4276
1574,Metals,0.0806,0.8472,102648013,0.2462
1573,Metals,0.0328,0.8748,4409982212,-0.3583
1572,Metals,0.2501,0.8714,1355975819,0.5246
1571,Metals,0.289,0.9344,561602,1.343
1570,Metals,0.2922,0.8737,574379047,0.3176
1569,Metals,0.1914,0.8784,303226708,0.3271
1566,Metals,-0.0187,0.858,11309271413,-0.3267
1565,Metals,-0.0521,0.8315,366509464,-0.7942
1564,Metals,0.3114,0.9511,7551709,3.5054
1562,Metals,0.3251,0.9197,3646339,1.2254
1561,Metals,-0.0618,0.7979,471561398,-0.9661
1560,Metals,-0.1913,0.7839,5861892493,-1.3384
1559,Metals,0.2024,0.8614,15615094812,0.5211
1558,Metals,0.0351,0.8607,4734849796,-0.2172
1557,Metals,0.0161,0.8588,1248401928,-0.3787
1556,Metals,0.346,0.8788,466342580,1.1399
1555,Metals,0.0446,0.8238,4434970221,0.1131
1553,Metals,0.0591,0.8338,10690084920,0.2547
1552,Metals,0.0946,0.8641,854508065,0.0616
1551,Metals,0.2774,0.8728,2024240263,0.6234
1550,Metals,0.3691,0.8776,11240491300,0.9244
1549,Metals,0.2568,0.8625,26547410441,0.5689
1548,Metals,-0.0325,0.8315,3312578883,-0.2953
1547,Metals,0.0673,0.8373,16488566886,0.201
1546,Metals,0.2314,0.8739,506623892,0.3649
1545,Metals,-0.0711,0.7964,10159365995,-0.8334
1544,Metals,-0.1839,0.8018,43633797748,-1.1151
1543,Metals,0.2478,0.8761,1305172282,0.6795
1542,Metals,0.5381,0.8993,870808787,1.4526
1541,Metals,0.5498,0.8956,1070859081,1.642
1540,Metals,0.411,0.8954,1934902195,1.2067
1539,Metals,0.2755,0.8912,644222647,0.6041
1538,Metals,0.3221,0.8719,528822941,0.6503
1537,Metals,0.0653,0.8648,11975749840,-0.2188
1536,Metals,-0.1367,0.8435,4275151441,-1.6873
1535,Metals,0.2523,0.8627,3569729781,0.5395
1534,Metals,0.0724,0.8776,797062110,-0.2504
1533,Metals,0.2654,0.9433,1634748,1.6484
1532,Metals,0.3404,0.9271,1061028,1.4534
1531,Metals,0.4863,0.8924,1013137950,1.3836
1530,Metals,0.3114,0.9511,4328433,3.5054
1529,Metals,0.148,0.8692,1610253588,-0.0019
1528,Metals,0.3087,0.8889,3908876326,0.9665
1527,Metals,0.1576,0.8741,5015414294,0.2527
1526,Metals,0.3326,0.9096,5576062956,0.8235
1525,Metals,0.2424,0.8856,6450500461,0.2849
1524,Metals,-0.0181,0.8418,15261056256,-0.4468
1523,Metals,0.1571,0.8594,4603277290,0.1861
1522,Metals,0.3676,0.8807,571820423,0.8577
1521,Metals,0.2358,0.8896,188327161,0.1642
1520,Metals,-0.1371,0.7936,15543298487,-1.1748
1519,Metals,-0.1081,0.8258,50068519870,-1.2123
1518,Metals,-0.1615,0.8188,7095174918,-1.7277
1517,Metals,-0.1025,0.8434,522480690,-0.9972
1516,Metals,0.1739,0.8455,43741113838,0.6942
1515,Metals,0.1264,0.8564,6066524338,0.3956
1514,Metals,0.1543,0.87,2794390692,0.2917
1513,Metals,-0.0581,0.8621,10818654485,-0.5208
1512,Metals,0.2257,0.8552,2953120951,0.7569
1511,Metals,0.0669,0.8536,9301827887,0.0469
1510,Metals,0.3703,0.8736,6333908124,1.1294
1509,Metals,0.2731,0.8925,283607772,0.5431
1508,Metals,0.5671,0.899,35709024111,1.6567
1506,Metals,-0.001,0.8452,240801351,-0.0476
1505,Metals,0.3498,0.8785,4592471974,0.887
1504,Metals,0.0849,0.8406,3947453529,0.1231
1502,Metals,-0.0265,0.8588,5628888071,-0.2277
1501,Metals,0.0244,0.8445,2927904928,-0.3587
1499,Metals,0.0663,0.8253,3559645740,0.0602
1498,Metals,0.0553,0.8295,42837683965,0.369
1497,Metals,0.4032,0.8776,15683320388,1.2352
1495,Metals,0.3233,0.8881,6755367033,0.3339
1494,Metals,0.2491,0.8727,19778938307,0.475
1492,Metals,0.239,0.862,3394511214,0.4219
1490,Metals,0.3801,0.9005,2100506116,1.0266
1489,Metals,0.2745,0.8809,16363298046,0.7143
1488,Metals,0.3593,0.906,5698660501,1.3698
1486,Metals,0.4821,0.8908,25912397435,1.2554
1485,Metals,0.2477,0.8834,2858188905,0.8626
1484,Metals,0.4413,0.8983,1810507021,1.4713
1483,Metals,0.4977,0.891,4592892399,1.4558
1482,Metals,0.5032,0.9051,1668908057,1.7031
1481,Metals,0.4436,0.8944,4132002871,1.2621
1480,Metals,0.4017,0.8939,24192575031,1.1991
1479,Metals,0.1783,0.8711,1230571382,-0.0442
1476,Metals,0.1546,0.8369,2170027219,0.4267
1474,Metals,0.1584,0.8423,8412700764,0.3643
1473,Metals,0.3112,0.8603,3721774936,0.7434
1472,Metals,0.2526,0.8547,3794143781,0.678
1470,Metals,0.1041,0.8491,13032422428,0.1751
1469,Metals,0.0681,0.8434,37303375962,0.2297
1468,Metals,-0.04,0.8524,19500520990,-0.5836
1466,Metals,0.3658,0.878,1884703842,0.9115
1465,Metals,0.0426,0.8098,24529012633,-0.2579
1464,Metals,-0.0763,0.8425,1640370817,-1.0958
1463,Metals,-0.1801,0.804,21124459852,-1.0081
1462,Metals,-0.1452,0.8421,3500608538,-0.7916
1884,Machinery,0.1337,0.8832,638099117,0.2238
1883,Machinery,0.0982,0.9104,2371289009,0.3917
1882,Machinery,0.2497,0.9046,1443426892,0.4924
1881,Machinery,0.0631,0.8861,1545353212,-0.015
1880,Machinery,0.0118,0.8676,265854380,-0.4942
1879,Machinery,0.0186,0.8778,1739832938,-0.2492
1878,Machinery,0.3644,0.8689,1700486288,0.9154
1877,Machinery,0.3982,0.8949,283616105,1.0239
1876,Machinery,0.1929,0.8817,584971362,0.6479
1875,Machinery,0.0198,0.8759,1864650770,-0.2857
1874,Machinery,0.2378,0.882,6257990930,0.4048
1873,Machinery,0.1662,0.8853,2669468195,0.2333
1872,Machinery,0.1063,0.8893,1703555598,-0.4065
1870,Machinery,0.176,0.8767,44734023,0.1046
1869,Machinery,0.0539,0.854,8928705819,-0.1977
1868,Machinery,0.0383,0.8571,887513542,-0.1891
1866,Machinery,0.2785,0.8616,1297235019,0.8077
1865,Machinery,0.025,0.8475,2960998251,-0.1768
1864,Machinery,0.1176,0.8842,24538757401,0.0621
1863,Machinery,0.0495,0.8826,6393640391,-0.3429
1862,Machinery,0.3027,0.8781,25131982589,0.8153
1861,Machinery,0.0591,0.8875,45023033307,0.0044
1860,Machinery,0.0054,0.9052,2429778,-0.7447
1859,Machinery,0.0504,0.9267,3491900,0.7324
1852,Machinery,0.311,0.8821,55822672,0.4811
1851,Machinery,0.1654,0.8618,7069143059,0.5623
1850,Machinery,0.2151,0.8663,1566090690,0.8014
1849,Machinery,0.212,0.8605,688571308,0.403
1848,Machinery,0.2961,0.8741,1165240339,0.8438
1847,Machinery,0.2779,0.885,1047800616,0.7642
1846,Machinery,0.1984,0.8675,1039596660,0.4769
1845,Machinery,0.513,0.9,1349197239,1.2542
1844,Machinery,0.1829,0.8796,140997196,0.2798
1842,Machinery,-0.0092,0.8466,434836992,-1.1464
1841,Machinery,0.4185,0.9093,757513924,1.2276
1840,Machinery,0.0019,0.9078,26937,0.0219
1839,Machinery,0.2647,0.9275,594,2.277
1838,Machinery,0.1472,0.8894,912130897,0.3244
1837,Machinery,0.4031,0.8985,777116995,1.2774
1836,Machinery,0.319,0.9039,2068173902,1.0342
1835,Machinery,0.153,0.8859,2033516849,0.0055
1834,Machinery,0.1298,0.8924,27860001,0.467
1833,Machinery,0.1699,0.9013,1752500987,0.4293
1832,Machinery,0.3658,0.9211,336808562,1.5439
1830,Machinery,0.3803,0.9251,1291125279,1.8303
1829,Machinery,0.1918,0.8815,456228842,0.5049
1828,Machinery,0.2012,0.8827,323489530,0.6556
1827,Machinery,0.1185,0.9224,1412212874,1.2288
1826,Machinery,0.4332,0.9006,161458467,1.2012
1825,Machinery,0.3,0.8901,90319062,0.8944
1824,Machinery,0.1381,0.8907,24762004844,0.2536
1823,Machinery,0.2002,0.8691,13036444087,0.5588
1822,Machinery,0.2836,0.8597,2903985881,0.8902
1821,Machinery,0.4129,0.879,33135587533,1.1837
1820,Machinery,0.5248,0.8955,40233832152,1.4759
1819,Machinery,0.4044,0.895,21513663512,0.94
1818,Machinery,0.3537,0.8832,7879431876,0.8622
1817,Machinery,0.0356,0.8519,7117874977,-0.077
1816,Machinery,0.5954,0.8988,39603451800,2.0127
1815,Machinery,0.595,0.8957,20477969689,1.8242
1814,Machinery,0.4687,0.888,5221525318,1.3541
1813,Machinery,0.4638,0.8858,2295482638,1.2585
1812,Machinery,0.2261,0.8795,3125129677,0.1405
1811,Machinery,0.5926,0.9059,20601943797,2.0524
1810,Machinery,0.483,0.888,55112642527,1.5768
1809,Machinery,0.4278,0.8816,1428717909,1.3277
1808,Machinery,0.2297,0.8729,11156083243,0.6671
1807,Machinery,0.3073,0.8679,1.13431E+11,0.7184
1806,Machinery,0.5486,0.9156,2268158188,1.8341
1805,Machinery,0.213,0.8942,557360999,0.8193
1803,Machinery,0.3177,0.8702,7519380772,0.8193
1802,Machinery,0.3341,0.9223,69199428881,0.723
1801,Machinery,0.4844,0.8925,2040563902,1.3592
1800,Machinery,0.3476,0.9043,8478839558,0.1757
1799,Machinery,0.4526,0.9097,27508128030,2.2296
1798,Machinery,0.3096,0.9297,37002561,1.4049
1797,Machinery,0.2344,0.91,746103900,0.9111
1796,Machinery,0.2917,0.8744,896137024,0.679
1795,Machinery,0.2719,0.8857,3147222480,0.6299
1794,Machinery,0.2972,0.8757,1336540048,0.835
1793,Machinery,0.1107,0.896,10055540904,0.1656
1792,Machinery,0.2451,0.897,5932820138,0.8617
1791,Machinery,0.3599,0.9059,13515402739,0.6763
1790,Machinery,0.2853,0.8743,26555317799,0.7014
1703,Machinery,0.615,0.8933,9246872394,1.8823
1702,Machinery,0.5238,0.8899,3697804940,1.4622
1701,Machinery,0.5378,0.8917,51085192745,1.586
1700,Machinery,0.3925,0.8854,29439395016,1.1011
1699,Machinery,0.4944,0.887,80868386108,1.3793
1698,Machinery,0.3803,0.8916,17602096285,1.1622
1697,Machinery,0.6024,0.8934,83215822400,1.859
1695,Machinery,0.4781,0.8963,25436795116,1.506
1694,Machinery,0.2214,0.8625,1577834462,0.6323
1693,Machinery,0.5709,0.9106,3542359515,1.8702
1691,Machinery,0.3021,0.9056,1.10963E+11,1.003
1690,Machinery,0.2708,0.8936,6494878517,0.7991
1689,Machinery,0.1958,0.8983,3.66011E+11,0.824
1688,Machinery,0.0207,0.8852,5112088315,-0.1555
1686,Machinery,0.5065,0.8841,1017599561,1.3853
1685,Machinery,0.5073,0.8951,8512339802,1.4894
1684,Machinery,0.4836,0.8847,16962743347,1.3464
1683,Machinery,0.3198,0.8856,6913332429,1.0643
1682,Machinery,0.4172,0.8977,2462681950,1.3033
1681,Machinery,0.4373,0.8921,1824355985,1.1987
1680,Machinery,0.527,0.9024,9351394757,1.6665
1679,Machinery,0.5611,0.9116,2182646985,1.9796
1678,Machinery,0.421,0.9001,4233201292,1.2431
1677,Machinery,0.4734,0.8816,3125214566,1.1358
1676,Machinery,0.5502,0.9015,6360247391,1.6553
1675,Machinery,0.6221,0.9158,9711496547,2.2193
1674,Machinery,0.4943,0.9306,14105088536,1.8636
1673,Machinery,0.389,0.889,4062526693,0.9131
1672,Machinery,0.5064,0.9053,2816666141,1.5877
1671,Machinery,0.1255,0.8846,1111816621,-0.0585
1670,Machinery,0.2828,0.8936,5489531909,0.3393
1669,Machinery,0.3602,0.8806,7672358237,1.0787
1668,Machinery,0.1489,0.8724,13193262121,0.3368
1667,Machinery,0.2696,0.8928,761091644,0.6837
1666,Machinery,0.4067,0.8895,4588896224,1.1097
1665,Machinery,0.3551,0.8998,2959151881,0.6373
1664,Machinery,0.2643,0.8924,1828405258,0.6956
1663,Machinery,0.4342,0.9096,3112814508,1.8178
1662,Machinery,0.4962,0.9159,623993703,1.7693
1661,Machinery,0.4293,0.9069,62031695787,1.2777
1660,Machinery,0.3981,0.8743,2052944562,1.2047
1659,Machinery,0.4351,0.882,6118186647,1.1758
1658,Machinery,0.5155,0.8873,940529294,1.4595
1657,Machinery,0.3587,0.8892,4292382485,1.155
1656,Machinery,0.29,0.864,12437933879,0.8083
1655,Machinery,0.1696,0.8673,2135802679,0.5362
1654,Machinery,0.2844,0.858,6266345337,0.9218
1653,Machinery,0.3196,0.878,358285932,0.9145
1652,Machinery,0.2263,0.8504,1665309247,0.7525
1651,Machinery,0.2998,0.8559,17409629425,0.7775
1650,Machinery,0.1512,0.8407,6594389607,0.5446
1649,Machinery,0.2048,0.8481,48628810561,0.614
1648,Machinery,0.1327,0.8662,10269834096,-0.4097
1646,Machinery,0.3245,0.8605,26889723696,0.938
1644,Machinery,0.3804,0.8769,14199660898,0.8753
1642,Machinery,0.4651,0.8922,17848396143,1.3517
1641,Machinery,0.4564,0.8999,4038394316,1.2375
1640,Machinery,0.346,0.8746,26858411748,1.1223
1639,Machinery,0.4287,0.8737,58944413011,1.1906
1638,Machinery,0.4963,0.8991,1255300989,1.4919
1637,Machinery,0.4024,0.8833,38180117363,0.9813
1636,Machinery,0.1384,0.8511,40854578594,0.5425
1635,Machinery,0.324,0.8682,4674350131,0.9359
1634,Machinery,0.38,0.8761,2410379493,1.1303
1633,Machinery,0.2327,0.8878,41036978798,0.7318
1632,Machinery,0.4636,0.8915,67935597941,1.276
1631,Machinery,0.4715,0.884,58445745212,1.2236
1629,Machinery,0.3487,0.8892,1.1666E+11,1.0818
1628,Machinery,0.1142,0.859,1548274695,0.2619
1627,Machinery,0.4013,0.8808,60813343566,1.0989
1626,Machinery,0.51,0.8885,43233360353,1.3873
1625,Machinery,0.3976,0.8819,42721744272,0.9379
1624,Machinery,0.4699,0.8907,6011545813,1.1385
1623,Machinery,0.2576,0.8537,1034910172,0.697
1622,Machinery,0.1676,0.8728,2057360393,0.4903
1621,Machinery,0.1941,0.8522,6040716455,0.4635
1620,Machinery,0.0914,0.8697,5822633396,0.2915
1619,Machinery,0.285,0.8921,3893496371,0.984
1751,Electronics,0.3018,0.8968,5459167032,0.8076
1750,Electronics,0.3622,0.875,5455081549,0.9396
1749,Electronics,0.446,0.8904,2423330043,1.2217
1748,Electronics,0.2605,0.8697,3750697555,0.7011
1747,Electronics,-0.1703,0.8105,1.09687E+11,-0.7114
1746,Electronics,0.4286,0.9071,43469681678,1.433
1745,Electronics,0.2999,0.9057,6.17477E+11,0.9546
1744,Electronics,0.2996,0.9014,1.15685E+11,0.6454
1743,Electronics,0.3463,0.8863,1806259612,0.7798
1742,Electronics,0.3586,0.8927,12067303424,0.8543
1741,Electronics,0.3644,0.8715,32283060155,0.9012
1740,Electronics,0.245,0.8634,56850474344,0.6991
1739,Electronics,0.2663,0.873,94795289180,0.6124
1738,Electronics,0.273,0.8714,8444996401,0.7455
1737,Electronics,0.236,0.9058,44194338956,0.4682
1736,Electronics,0.316,0.881,10338014139,0.8755
1735,Electronics,0.2347,0.8951,25128151204,0.6348
1734,Electronics,0.2429,0.891,21465751897,0.7499
1733,Electronics,0.2675,0.8572,2547744781,0.791
1732,Electronics,0.244,0.8986,55501230648,0.5218
1731,Electronics,0.0145,0.8664,77135694828,0.0862
1730,Electronics,0.1329,0.888,15364291331,0.4697
1729,Electronics,0.3786,0.8714,21102362968,0.945
1728,Electronics,0.2054,0.8973,2.61003E+11,0.7041
1727,Electronics,0.4575,0.8692,13796275315,1.2259
1726,Electronics,0.4262,0.8934,33593650086,1.3341
1725,Electronics,0.1238,0.9108,3153763341,0.4075
1724,Electronics,0.3182,0.9047,41681288830,0.7925
1723,Electronics,0.2653,0.8944,13650142,0.9192
1721,Electronics,0.0596,0.8911,36553701108,0.1705
1720,Electronics,0.2089,0.8776,2.9369E+11,0.5388
1719,Electronics,0.1528,0.8602,43107278644,0.5788
1718,Electronics,0.5429,0.9,10831928228,1.7396
1717,Electronics,0.5755,0.889,4491183534,1.6296
1716,Electronics,0.0733,0.8954,3669309714,0.3138
1715,Electronics,0.3866,0.8769,29753012703,0.9481
1714,Electronics,0.3814,0.8839,19402680447,1.034
1713,Electronics,0.375,0.8941,3773153596,1.2172
1712,Electronics,0.3019,0.8873,21487047637,1.0431
1711,Electronics,0.2906,0.8798,15151538194,0.8216
1710,Electronics,0.2603,0.8821,40063866570,0.5532
1709,Electronics,0.2204,0.8795,8088726981,0.4679
1708,Electronics,0.4212,0.9119,7983361432,1.2703
1707,Electronics,0.2477,0.8734,89817218567,0.6848
1706,Electronics,0.2406,0.8628,15836596231,0.753
1705,Electronics,0.4025,0.8798,22316336384,1.2329
1704,Electronics,0.2638,0.8764,49047780297,0.7736
1136,Chemicals_and_plastics,-0.0224,0.8633,285183733,-0.3105
1135,Chemicals_and_plastics,0.2477,0.8602,25080963368,0.6802
1134,Chemicals_and_plastics,-0.0548,0.8714,6683745779,-0.8151
1133,Chemicals_and_plastics,0.0609,0.8486,1207764656,-0.0442
1131,Chemicals_and_plastics,0.2203,0.8642,2356336997,0.4278
1130,Chemicals_and_plastics,0.0229,0.8431,70357251325,0.1231
1129,Chemicals_and_plastics,0.2767,0.874,5053341471,0.7908
1128,Chemicals_and_plastics,0.2757,0.8743,9281143750,0.7608
1127,Chemicals_and_plastics,0.2999,0.8677,3820567901,0.8825
1126,Chemicals_and_plastics,-0.0427,0.8551,474504655,-1.2449
1125,Chemicals_and_plastics,0.2998,0.888,449426650,0.9142
1124,Chemicals_and_plastics,0.2634,0.8759,5436040955,0.6711
1123,Chemicals_and_plastics,-0.0584,0.8182,205349342,-0.507
1122,Chemicals_and_plastics,-0.001,0.8745,287759382,-0.1404
1121,Chemicals_and_plastics,0.3811,0.8938,20269087444,0.8825
1120,Chemicals_and_plastics,-0.19,0.8038,12332896701,-2.9126
1119,Chemicals_and_plastics,0.3086,0.8662,69541216617,0.817
1118,Chemicals_and_plastics,0.0555,0.8303,9725562967,0.2463
1117,Chemicals_and_plastics,-0.1464,0.8019,17041628894,-0.9965
1114,Chemicals_and_plastics,0.2046,0.8331,24124230003,0.5371
1113,Chemicals_and_plastics,0.1042,0.8345,51918477978,0.2579
1112,Chemicals_and_plastics,0.5459,0.9014,19210596703,1.4744
1111,Chemicals_and_plastics,0.3613,0.9037,7348336333,1.4121
1109,Chemicals_and_plastics,0.207,0.8574,4779660869,0.4736
1107,Chemicals_and_plastics,0.4881,0.8955,1374186584,1.4431
1106,Chemicals_and_plastics,0.3404,0.8845,2109433331,0.8745
1105,Chemicals_and_plastics,0.4363,0.8938,5194012087,1.2082
1104,Chemicals_and_plastics,0.5892,0.9024,6075753000,1.4816
1103,Chemicals_and_plastics,0.6288,0.9069,6395305427,1.8526
1102,Chemicals_and_plastics,0.4303,0.8808,13490305202,1.0828
1101,Chemicals_and_plastics,0.5548,0.8914,12532028208,1.5535
1100,Chemicals_and_plastics,0.3411,0.8766,48924322271,0.8143
1099,Chemicals_and_plastics,0.5905,0.8978,13516013902,1.6324
1098,Chemicals_and_plastics,0.3837,0.8794,4454427038,0.838
1097,Chemicals_and_plastics,0.2761,0.8678,17111299405,0.5755
1096,Chemicals_and_plastics,0.3441,0.8783,19045422360,0.9618
1095,Chemicals_and_plastics,0.0667,0.8484,36526820408,-0.0541
1094,Chemicals_and_plastics,0.0235,0.8446,70836207773,-0.18
1093,Chemicals_and_plastics,0.305,0.8529,45362625553,0.6755
1092,Chemicals_and_plastics,0.5347,0.8855,23580865781,1.452
1091,Chemicals_and_plastics,0.4917,0.8822,1830290328,1.3706
1090,Chemicals_and_plastics,0.1902,0.8528,1093061332,0.3903
1089,Chemicals_and_plastics,0.3622,0.8849,776203318,1.0889
1088,Chemicals_and_plastics,0.4186,0.9253,12002593374,1.8735
1087,Chemicals_and_plastics,0.1319,0.8844,2117912229,-0.2098
1086,Chemicals_and_plastics,0.3683,0.8714,2016445911,0.9411
1085,Chemicals_and_plastics,0.5263,0.889,16178631222,1.3052
1084,Chemicals_and_plastics,0.1357,0.8349,1502742394,0.2839
1083,Chemicals_and_plastics,0.3557,0.8775,231381241,1.0251
1082,Chemicals_and_plastics,0.3775,0.8877,4169042155,1.0859
1081,Chemicals_and_plastics,0.2438,0.8917,10868732999,0.8329
1080,Chemicals_and_plastics,0.5884,0.8965,1510788433,1.7199
1079,Chemicals_and_plastics,0.1486,0.853,4249445691,0.3558
1078,Chemicals_and_plastics,0.0971,0.8335,31061700088,0.0749
1077,Chemicals_and_plastics,0.2664,0.8765,79906915,0.3547
1076,Chemicals_and_plastics,0.0628,0.8621,1501847350,0.0131
1075,Chemicals_and_plastics,-0.0243,0.8548,198315852,-0.1735
1074,Chemicals_and_plastics,0.3185,0.8823,453584985,0.589
1073,Chemicals_and_plastics,0.1492,0.8695,219675135,0.5429
1072,Chemicals_and_plastics,-0.073,0.8622,2425957517,-0.8065
1071,Chemicals_and_plastics,0.4143,0.8862,1542879701,0.8448
1070,Chemicals_and_plastics,0.4876,0.9177,6895092118,2.2637
1069,Chemicals_and_plastics,0.1031,0.8686,17338771,0.1391
1068,Chemicals_and_plastics,0.5513,0.9235,1235590451,2.2294
1067,Chemicals_and_plastics,0.2697,0.875,44859010,0.3286
1066,Chemicals_and_plastics,0.2515,0.8726,747584954,0.512
1065,Chemicals_and_plastics,0.3271,0.9056,1533127327,0.7331
1064,Chemicals_and_plastics,0.4853,0.9019,4182617692,1.7561
1063,Chemicals_and_plastics,0.1809,0.8446,281502972,0.5447
1061,Chemicals_and_plastics,0.1837,0.8878,1153482674,0.5379
1060,Chemicals_and_plastics,0.0505,0.8459,1487378062,-0.3192
1058,Chemicals_and_plastics,0.2596,0.8752,455927562,0.506
1057,Chemicals_and_plastics,0.4396,0.8873,5073679070,1.1688
1056,Chemicals_and_plastics,0.3836,0.8704,10559179795,0.9329
1055,Chemicals_and_plastics,0.3173,0.876,3278351410,0.356
1054,Chemicals_and_plastics,0.1845,0.8584,2304437955,0.395
1053,Chemicals_and_plastics,0.0383,0.8468,1695102398,-0.1023
1050,Chemicals_and_plastics,0.3253,0.8854,860454941,0.928
1049,Chemicals_and_plastics,0.094,0.8433,2865649718,0.2125
1048,Chemicals_and_plastics,0.1605,0.8384,2128848299,0.1761
1047,Chemicals_and_plastics,0.3198,0.8834,2547520243,0.8469
1046,Chemicals_and_plastics,0.5721,0.8871,8691831764,1.6346
1045,Chemicals_and_plastics,0.062,0.817,30075306014,-0.0731
1043,Chemicals_and_plastics,0.0285,0.8361,11044526363,0.0606
1042,Chemicals_and_plastics,0.0934,0.8404,4980591003,0.1677
1039,Chemicals_and_plastics,0.189,0.8486,17195706944,0.3005
1038,Chemicals_and_plastics,0.1122,0.8426,21835184234,-0.0551
1036,Chemicals_and_plastics,0.3924,0.8811,13488179092,0.9907
1035,Chemicals_and_plastics,0.1734,0.8349,7543145575,0.4389
1034,Chemicals_and_plastics,0.1623,0.8674,659605561,0.0884
1033,Chemicals_and_plastics,0.3418,0.8638,2228899887,0.689
1032,Chemicals_and_plastics,0.064,0.8495,201452311,-0.2273
1031,Chemicals_and_plastics,0.1238,0.8307,769363866,0.3105
1030,Chemicals_and_plastics,0.1412,0.8282,5567515569,0.379
1028,Chemicals_and_plastics,0.2926,0.8906,4230805248,0.5451
1027,Chemicals_and_plastics,0.2887,0.8718,11490553525,0.6189
1026,Chemicals_and_plastics,0.1433,0.8616,253226803,-0.2666
1025,Chemicals_and_plastics,0.3094,0.887,12298503098,0.7359
1024,Chemicals_and_plastics,0.0748,0.8499,1302156135,-0.4634
1023,Chemicals_and_plastics,0.0553,0.8629,709713231,-0.3614
1022,Chemicals_and_plastics,-0.1238,0.8403,350638669,-1.1657
1020,Chemicals_and_plastics,-0.0229,0.8236,12362894372,-0.9787
1019,Chemicals_and_plastics,-0.2116,0.8004,1637621593,-1.3405
1018,Chemicals_and_plastics,-0.1586,0.7983,19047091674,-1.0264
1017,Chemicals_and_plastics,-0.0799,0.818,805219009,-0.4579
1016,Chemicals_and_plastics,0.3556,0.8695,12999042258,0.9832
1015,Chemicals_and_plastics,0.2923,0.8642,7624270421,0.7552
1014,Chemicals_and_plastics,0.1761,0.8408,3.33056E+11,0.5592
1013,Chemicals_and_plastics,0.1909,0.8528,12930517819,0.5955
1012,Chemicals_and_plastics,0.4805,0.8869,1.33162E+11,1.3418
1011,Chemicals_and_plastics,0.25,0.8726,3462142897,0.5186
1010,Chemicals_and_plastics,0.0146,0.8908,1724389492,-0.3102
1009,Chemicals_and_plastics,0.2346,0.8846,11128319280,0.8813
1007,Chemicals_and_plastics,0.1564,0.8645,1986555609,-0.1123
1006,Chemicals_and_plastics,0.1105,0.8797,1959543975,-0.2775
1005,Chemicals_and_plastics,0.3897,0.8951,14775522292,1.5729
1004,Chemicals_and_plastics,0.3182,0.8851,7036371496,0.886
1003,Chemicals_and_plastics,0.1628,0.9014,11727853747,1.2332
1002,Chemicals_and_plastics,0.4477,0.9043,19242048873,1.8643
1001,Chemicals_and_plastics,0.2272,0.8982,67280164266,1.3981
1000,Chemicals_and_plastics,0.2403,0.8972,6877723326,0.521
999,Chemicals_and_plastics,0.3476,0.9045,5455270930,1.3275
998,Chemicals_and_plastics,0.3933,0.903,7192847032,1.2209
997,Chemicals_and_plastics,0.5112,0.9026,4637738557,1.487
996,Chemicals_and_plastics,0.2655,0.8954,1264766526,1.3372
995,Chemicals_and_plastics,0.2203,0.8928,514870785,0.2857
994,Chemicals_and_plastics,0.3558,0.8824,4149356671,0.9854
993,Chemicals_and_plastics,0.4288,0.8983,1390920507,1.4052
992,Chemicals_and_plastics,0.1358,0.8934,6946035633,0.7069
991,Chemicals_and_plastics,0.2335,0.8766,1953878946,0.6049
990,Chemicals_and_plastics,0.1373,0.9025,19935949748,0.7887
989,Chemicals_and_plastics,0.3916,0.8911,8125076539,1.0676
988,Chemicals_and_plastics,0.5028,0.8964,1438307975,1.2079
987,Chemicals_and_plastics,0.4447,0.892,765453569,1.0911
986,Chemicals_and_plastics,0.184,0.8773,7131374704,0.4676
985,Chemicals_and_plastics,0.1813,0.8852,11462270387,0.5756
984,Chemicals_and_plastics,0.4579,0.8885,7845717030,1.2009
983,Chemicals_and_plastics,0.2409,0.8852,12097404021,0.8354
982,Chemicals_and_plastics,0.4094,0.8954,5354810125,1.3431
981,Chemicals_and_plastics,0.3613,0.9152,69609081,1.3899
980,Chemicals_and_plastics,0.453,0.8854,1924028107,1.126
979,Chemicals_and_plastics,0.3537,0.8817,76974846,0.6607
978,Chemicals_and_plastics,0.341,0.8946,2974826191,1.1052
977,Chemicals_and_plastics,0.1881,0.8787,11337203792,0.1096
976,Chemicals_and_plastics,0.3101,0.8887,543840017,0.9362
975,Chemicals_and_plastics,0.4925,0.8944,5275313142,1.4802
974,Chemicals_and_plastics,0.3696,0.8951,1620099290,1.0666
973,Chemicals_and_plastics,-0.0169,0.8503,25508172307,-0.5377
972,Chemicals_and_plastics,0.1694,0.8568,1042253274,-0.0289
971,Chemicals_and_plastics,0.361,0.8925,8207639289,0.7577
970,Chemicals_and_plastics,0.3037,0.8902,37941718655,0.5687
969,Chemicals_and_plastics,0.1279,0.8598,18635273300,0.3131
968,Chemicals_and_plastics,0.5064,0.9088,835682391,1.6211
967,Chemicals_and_plastics,0.4021,0.9059,589544339,1.2066
966,Chemicals_and_plastics,0.1317,0.8742,1613844460,0.2312
965,Chemicals_and_plastics,0.2018,0.8924,87986682,0.4373
964,Chemicals_and_plastics,0.1129,0.8556,707967795,-0.1201
963,Chemicals_and_plastics,0.3447,0.8984,1131562119,1.1495
962,Chemicals_and_plastics,0.2559,0.8842,358582734,0.5264
961,Chemicals_and_plastics,0.0211,0.8514,11196150071,-0.4741
960,Chemicals_and_plastics,0.2717,0.8734,3841346364,0.3411
959,Chemicals_and_plastics,0.2534,0.9031,504685545,0.4309
958,Chemicals_and_plastics,0.1048,0.8755,1667583371,-0.4423
957,Chemicals_and_plastics,0.066,0.8761,820556403,-0.0746
956,Chemicals_and_plastics,0.0224,0.8327,592059497,-0.1684
955,Chemicals_and_plastics,0.0225,0.9034,447608,-0.4044
954,Chemicals_and_plastics,0.2795,0.8992,967974144,0.0683
953,Chemicals_and_plastics,-0.0397,0.8414,6367732358,-0.4455
952,Chemicals_and_plastics,0.0736,0.8557,3485426991,-0.1173
951,Chemicals_and_plastics,0.0476,0.8476,1211879453,-0.1745
950,Chemicals_and_plastics,-0.0556,0.8382,3039887747,-0.4085
949,Chemicals_and_plastics,0.082,0.8821,370228379,-0.3542
948,Chemicals_and_plastics,0.1863,0.9008,242415498,0.5211
947,Chemicals_and_plastics,0.1588,0.8817,512796907,-0.2934
946,Chemicals_and_plastics,-0.0049,0.8683,678696722,-0.2338
945,Chemicals_and_plastics,-0.0898,0.8218,549895675,-0.682
944,Chemicals_and_plastics,0.2367,0.8798,2127807092,0.4812
943,Chemicals_and_plastics,0.1968,0.8767,1198219598,0.2161
942,Chemicals_and_plastics,0.1395,0.8633,3002604655,-0.1746
941,Chemicals_and_plastics,-0.0013,0.8507,137511834,-0.6512
940,Chemicals_and_plastics,0.3637,0.8912,788360568,0.7527
939,Chemicals_and_plastics,0.1333,0.8785,488205266,-0.7056
938,Chemicals_and_plastics,0.1423,0.8978,1027555967,0.3501
937,Chemicals_and_plastics,0.0498,0.8598,329669346,-0.2231
936,Chemicals_and_plastics,0.1732,0.8835,395293469,0.4527
935,Chemicals_and_plastics,-0.098,0.8395,13546636608,-0.8011
934,Chemicals_and_plastics,0.0297,0.859,1107792998,-0.0589
933,Chemicals_and_plastics,0.4393,0.889,212794967,1.046
931,Chemicals_and_plastics,-0.1364,0.8206,6124717033,-1.2164
930,Chemicals_and_plastics,0.3309,0.8931,179473551,0.7243
929,Chemicals_and_plastics,0.4662,0.9208,703841357,1.1311
928,Chemicals_and_plastics,0.1807,0.843,4402754153,0.1205
927,Chemicals_and_plastics,-0.0281,0.8597,438836082,-1.2296
926,Chemicals_and_plastics,0.0244,0.8614,3737827104,-0.4219
925,Chemicals_and_plastics,0.2558,0.8593,286441466,0.652
924,Chemicals_and_plastics,0.113,0.8611,676580634,0.0393
923,Chemicals_and_plastics,0.0472,0.8353,248521896,-0.1002
921,Chemicals_and_plastics,0.1958,0.8725,11099113619,-0.0515
920,Chemicals_and_plastics,0.1935,0.8721,3184104335,0.3051
919,Chemicals_and_plastics,0.0152,0.8696,180000116,-0.0021
918,Chemicals_and_plastics,0.0668,0.864,1153606000,-0.9559